{
  "version": 1,
  "author": "Shashwat Shukla",
  "editor": "wokwi",
  "parts": [
    { "type": "board-esp32-devkit-c-v4", "id": "esp", "top": 0, "left": 0, "attrs": {} },
    {
      "type": "wokwi-led",
      "id": "led1",
      "top": -1.2,
      "left": -70.2,
      "attrs": { "color": "red", "flip": "1" }
    },
    { "type": "wokwi-buzzer", "id": "bz1", "top": -36, "left": 165, "attrs": { "volume": "0.1" } },
    {
      "type": "wokwi-resistor",
      "id": "r1",
      "top": 129.6,
      "left": -86.95,
      "rotate": 90,
      "attrs": { "value": "1000" }
    },
    {
      "type": "wokwi-resistor",
      "id": "r2",
      "top": 139.2,
      "left": 172.25,
      "rotate": 90,
      "attrs": { "value": "1000" }
    }
  ],
  "connections": [
    [ "esp:TX", "$serialMonitor:RX", "", [] ],
    [ "esp:RX", "$serialMonitor:TX", "", [] ],
    [ "r1:2", "esp:2", "red", [ "h0" ] ],
    [ "led1:C", "esp:GND.1", "black", [ "v0" ] ],
    [ "led1:A", "r1:1", "red", [ "v0" ] ],
    [ "r2:2", "esp:15", "red", [ "h0" ] ],
    [ "bz1:1", "esp:GND.1", "black", [ "v0" ] ],
    [ "bz1:2", "r2:1", "red", [ "v0" ] ]
  ],
  "dependencies": {}
}